<?xml version="1.0" encoding="utf-8"?>
<extension version="1.7" type="plugin" group="system" method="upgrade">
	<name>plg_system_multidomain</name>
	<author>WebMechanic</author>
	<creationDate>29.10.2011</creationDate>
	<copyright>Copyright (C) 2011 WebMechanic. All rights reserved.</copyright>
	<license>GNU General Public License version 2 or later; see LICENSE.txt</license>
	<authorEmail />
	<authorUrl>joomla.webmechanic.biz</authorUrl>
	<version>0.2.0</version>
	<description>PLG_SYSTEM_MULTIDOMAIN_XML_DESCRIPTION</description>

	<config>
		<fields name="params">
		<fieldset name="basic">
			<field name="wildcard" type="radio" default="1" label="Wildcard www" description="Wildcard www Desc">
				<option value="1">jYes</option>
				<option value="0">jNo</option>
			</field>

			<field type="spacer" label="Domain_1" />
			<field type="text" name="domain1" size="35" default="" label="Domain" description="Domain Desc" />
			<field type="radio" name="enabled1" default="0" label="jEnabled" description="Domain Active Desc">
				<option value="1">jYes</option>
				<option value="0">jNo</option>
			</field>
			<field type="menuitem" name="menu1" label="Menu Item" description="Menu Item Desc" />
			<field type="templatestyle" client="site" name="tmpl1" label="Template" description="Template Desc" />

			<field type="spacer" label="Domain_2" />
			<field type="text" name="domain2" size="35" default="" label="Domain" description="Domain Desc" />
			<field type="radio" name="enabled2" default="0" label="jEnabled" description="Domain Active Desc">
				<option value="1">jYes</option>
				<option value="0">jNo</option>
			</field>
			<field type="menuitem" name="menu2" label="Menu Item" description="Menu Item Desc" />
			<field type="templatestyle" client="site" name="tmpl2" label="Template" description="Template Desc" />

			<field type="spacer" label="Domain_3" />
			<field type="text" name="domain3" size="35" default="" label="Domain" description="Domain Desc" />
			<field type="radio" name="enabled3" default="0" label="jEnabled" description="Domain Active Desc">
				<option value="1">jYes</option>
				<option value="0">jNo</option>
			</field>
			<field type="menuitem" name="menu3" label="Menu Item" description="Menu Item Desc" />
			<field type="templatestyle" client="site" name="tmpl3" label="Template" description="Template Desc" />
		</fieldset>
		</fields>
	</config>

	<files>
		<filename plugin="multidomain">multidomain.php</filename>
		<filename plugin="multidomain">index.php</filename>
	</files>

	<languages>
		<language tag="de-DE">language/de-DE/de-DE.plg_system_multidomain.ini</language>
		<language tag="de-DE">language/de-DE/de-DE.plg_system_multidomain.sys.ini</language>
		<language tag="en-GB">language/en-GB/en-GB.plg_system_multidomain.ini</language>
		<language tag="en-GB">language/en-GB/en-GB.plg_system_multidomain.sys.ini</language>
	</languages>

</extension>
