<?xml version="1.0" encoding="utf-8"?>
<extension type="template" version="1.7">
  <name>kms-baumeister</name>
  <creationDate>25-Nov-2011</creationDate>
  <author>K.-Michael Siebenlist</author>
  <authorEmail>kms@kms-net.de</authorEmail>
  <authorUrl>http://www.kms-net.de</authorUrl>
  <copyright>Michael's Webdesign</copyright>
  <license>http://www.gnu.org/licenses/gpl-2.0.html GNU/GPL</license>
  <version>1.0</version>
  <description>Baumeister Holzbau GmbH</description>
  <files folder="site">
    <folder>css</folder>
    <folder>html</folder>
    <folder>images</folder>
    <folder>javascript</folder>
    <folder>language</folder>
    <filename>CHANGELOG.php</filename>
    <filename>component.php</filename>
    <filename>de-DE.tpl_kms-baumeister.ini</filename>
    <filename>de-DE.tpl_kms-baumeister.sys.ini</filename>
    <filename>en-GB.tpl_kms-baumeister.ini</filename>
    <filename>en-GB.tpl_kms-baumeister.sys.ini</filename>
    <filename>error.php</filename>
    <filename>favicon.ico</filename>
    <filename>index.html</filename>
    <filename>index.php</filename>
    <filename>template_preview.png</filename>
    <filename>template_thumbnail.png</filename>
  </files>
  <params/>
  <config>
    <fields name="params">
      
    <fieldset name="advanced">
        
        
      <field name="sitetitle" type="text" default="" label="SIDE_TITLE" description="SIDE_TITLE_SET" filter="string"></field><field name="sitedescription" type="text" default="" label="SIDE_DESCRIPTION" description="SIDE_DESCRIPTION_SET" filter="string"></field></fieldset></fields>
  </config>
</extension>
