<?xml version="1.0" encoding="utf-8"?>
<install version="1.5" type="plugin" group="system">
	<name>System - MultiDomain</name>
	<author>Guido Essing [ecomeback]</author>
	<creationDate>January 2009</creationDate>
	<copyright>(c) 2009 - art-two [creative development]</copyright>
	<license>http://www.gnu.org/copyleft/gpl.html GNU/GPL</license>
	<authorEmail>development@art-two.de</authorEmail>
	<authorUrl>www.art-two.de</authorUrl>
	<version>0.1</version>
	<description><![CDATA[MultiDomain Plugin]]></description>
	<files>
		<filename plugin="multidomain">multidomain.php</filename>
		<filename plugin="multidomain">index.html</filename>
	</files>
	<params/>
</install>
